唯一进程 ID,进程 ID,唯一线程 ID,线程 ID,线程名称,线程开始时间,线程结束时间,线程开始地址,生存时间,
0,14736,0,17372,"未知",0.00,"123,723.70","10,244,802","123,723.70",
0,14736,1,18236,"未知",0.00,"58,378.74","2,004,669,984","58,378.74",
0,14736,2,4028,"未知",0.01,"58,378.74","2,004,669,984","58,378.73",
0,14736,3,18340,"未知",0.01,"58,378.74","2,004,669,984","58,378.73",
0,14736,4,2780,"未知",0.01,"123,684.91","1,855,408,224","123,684.90",
0,14736,5,11388,"未知",0.01,"123,684.71","1,854,598,416","123,684.70",
0,14736,6,14012,"未知",0.01,"123,684.90","2,004,669,984","123,684.89",
0,14736,7,3856,"未知",0.01,"123,684.89","2,004,669,984","123,684.87",
0,14736,8,18404,"未知",0.01,"123,684.88","1,993,770,464","123,684.87",
0,14736,9,15128,"未知",0.01,"123,684.71","1,854,598,416","123,684.70",
0,14736,10,18392,"未知",0.01,"123,685.60","1,774,034,848","123,685.58",
0,14736,11,8116,"未知",0.02,"123,684.88","1,854,593,328","123,684.87",
0,14736,12,15040,"未知",0.02,"123,684.87","1,854,598,416","123,684.85",
0,14736,13,5148,"未知",0.02,"123,684.71","1,854,598,416","123,684.70",
0,14736,14,7832,"未知",0.02,"123,684.78","1,854,598,416","123,684.76",
0,14736,15,8404,"未知",0.02,"123,685.34","2,004,669,984","123,685.32",
0,14736,16,3116,"未知","4,793.42","123,684.76","1,854,598,416","118,891.34",
0,14736,17,9400,"未知","4,793.53","6,293.50","1,854,118,848","1,499.97",
0,14736,18,16136,"未知","8,766.09","10,266.32","1,854,118,848","1,500.23",
0,14736,19,6372,"未知","8,782.32","28,795.67","1,854,598,416","20,013.35",
0,14736,20,14328,"未知","8,783.26","123,684.75","1,854,598,416","114,901.49",
0,14736,21,13964,"未知","8,783.65","123,684.75","1,854,598,416","114,901.10",
0,14736,22,13660,"未知","8,786.69","123,684.71","1,957,894,400","114,898.02",
0,14736,23,16592,"未知","8,787.87","123,684.78","1,995,945,648","114,896.91",
0,14736,24,14084,"未知","9,794.16","123,684.86","269,194,896","113,890.70",
0,14736,25,17476,"未知","9,794.25","123,684.85","269,194,560","113,890.61",
0,14736,26,17328,"未知","9,794.32","123,684.85","269,194,032","113,890.53",
0,14736,27,15280,"未知","18,786.30","20,286.50","1,854,118,848","1,500.20",
0,14736,28,5732,"未知","23,690.51","25,190.82","1,854,118,848","1,500.31",
0,14736,29,14856,"未知","28,796.58","30,296.82","1,854,118,848","1,500.23",
0,14736,30,15016,"未知","38,702.93","40,203.11","1,854,118,848","1,500.18",
0,14736,31,13860,"未知","48,798.17","50,298.42","1,854,118,848","1,500.25",
0,14736,32,9612,"未知","53,689.48","55,189.56","1,854,118,848","1,500.08",
0,14736,33,4252,"未知","58,799.50","60,299.74","1,854,118,848","1,500.25",
0,14736,34,12984,"未知","63,986.57","65,486.72","1,854,118,848","1,500.15",
0,14736,35,2932,"未知","68,702.84","70,203.04","1,854,118,848","1,500.20",
0,14736,36,13944,"未知","78,813.05","80,313.25","1,854,118,848","1,500.20",
0,14736,37,12900,"未知","83,703.25","85,203.44","1,854,118,848","1,500.19",
0,14736,38,11600,"未知","88,814.34","90,314.51","1,854,118,848","1,500.18",
0,14736,39,2044,"未知","98,688.73","100,188.89","1,854,118,848","1,500.16",
0,14736,40,16880,"未知","108,407.50","109,907.42","1,854,118,848","1,499.93",
0,14736,41,14112,"未知","108,422.76","123,422.67","1,854,598,416","14,999.91",
0,14736,42,5512,"未知","108,461.58","123,684.78","1,854,598,416","15,223.20",
0,14736,43,15656,"未知","108,466.18","123,684.84","2,004,669,984","15,218.66",
0,14736,44,9208,"未知","108,466.84","123,684.80","2,004,669,984","15,217.96",
0,14736,45,15816,"未知","108,467.03","123,684.83","2,004,669,984","15,217.80",
0,14736,46,14200,"未知","108,469.06","108,513.70","1,854,598,416",44.64,
0,14736,47,17776,"未知","108,514.29","123,684.80","1,993,770,464","15,170.51",
0,14736,48,17460,"未知","113,106.77","114,606.68","1,854,118,848","1,499.91",
0,14736,49,12916,"未知","118,408.60","123,684.80","1,642,956,752","5,276.20",
0,14736,50,8020,"未知","118,411.78","123,685.58","1,990,295,056","5,273.80",
0,14736,51,3776,"未知","118,438.59","123,685.57","1,991,695,968","5,246.98",
0,14736,52,12120,"未知","118,444.62","123,684.83","2,004,669,984","5,240.22",
0,14736,53,5456,"未知","118,770.40","120,270.50","1,854,118,848","1,500.10",
0,14736,54,2512,"未知","123,119.96","123,684.82","1,854,118,848",564.86,
0,14736,55,1604,"未知","123,597.00","123,684.81","1,855,831,088",87.81,
